id;name;surname
1;quantifying copying Officer;Hungary Indiana
2;mint green Human invoice;calculate asymmetric
3;Cape Verde Escudo Libyan Arab Jamahiriya Cambridgeshire;Executive Strategist infrastructures
4;CFA Franc BEAC end-to-end;Bridge Berkshire
5;generate deposit;Concrete Global
6;quantifying Steel Burundi Franc;New Hampshire communities coherent
7;Missouri Consultant Aruba;Team-oriented New Hampshire Savings Account
8;PNG Metrics;alarm
9;Designer Refined Soft Gloves matrix;Operations SCSI Saudi Arabia
10;Plastic;Agent
